"reported_name","reported_name_fixed","scientificName","kingdom","phylum","class","order","family","db","db_code","GrowthForm","DispersalSyndrome","SeedWeightmg","SeedReleaseHeightm","Database"
"Daucus carota","Daucus carota","Daucus carota","Plantae","Tracheophyta","Magnoliopsida","Apiales","Apiaceae","gbif","GBIF:3034742","herb","wind (none)",1,1,"Tamme et al."
"Mercurialis annua","Mercurialis annua","Mercurialis annua","Plantae","Tracheophyta","Magnoliopsida","Malpighiales","Euphorbiaceae","gbif","GBIF:3062975","herb","ballistic",1.7,0.5,"Tamme et al."
"Picea abies","Picea abies","Picea abies","Plantae","Tracheophyta","Pinopsida","Pinales","Pinaceae","gbif","GBIF:5284884","tree","animal",7,50,"Tamme et al."
"Amphicarpaea bracteata","Amphicarpaea bracteata","Amphicarpaea bracteata","Plantae","Tracheophyta","Magnoliopsida","Fabales","Fabaceae","gbif","GBIF:2960161","herb","wind (none)",27.09,NA,"Tamme et al."
"Dendromecon rigida","Dendromecon rigida","Dendromecon rigida","Plantae","Tracheophyta","Magnoliopsida","Ranunculales","Papaveraceae","gbif","GBIF:2888424","shrub","ant",10.3,NA,"Tamme et al."
"Pinus strobus","Pinus strobus","Pinus strobus","Plantae","Tracheophyta","Pinopsida","Pinales","Pinaceae","gbif","GBIF:5284982","tree","animal",17,40,"Tamme et al."
"Pinus contorta","Pinus contorta","Pinus contorta","Plantae","Tracheophyta","Pinopsida","Pinales","Pinaceae","gbif","GBIF:5285750","tree","animal",9.1,NA,"Tamme et al."
"Pinus jeffreyi","Pinus jeffreyi","Pinus jeffreyi","Plantae","Tracheophyta","Pinopsida","Pinales","Pinaceae","gbif","GBIF:8892957","tree","wind (special)",195.3,NA,"Tamme et al."
"Pinus lambertiana","Pinus lambertiana","Pinus lambertiana","Plantae","Tracheophyta","Pinopsida","Pinales","Pinaceae","gbif","GBIF:5284989","tree","wind (special)",233.4,NA,"Tamme et al."
"Pinus ponderosa","Pinus ponderosa","Pinus ponderosa","Plantae","Tracheophyta","Pinopsida","Pinales","Pinaceae","gbif","GBIF:5285053","tree","wind (special)",68.7,NA,"Tamme et al."
"Senecio jacobaea","Senecio jacobaea","Senecio jacobaea","Plantae","Tracheophyta","Magnoliopsida","Asterales","Asteraceae","gbif","GBIF:8965572","herb","wind (none)",0.25,1,"Tamme et al."
"Viola odorata","Viola odorata","Viola odorata","Plantae","Tracheophyta","Magnoliopsida","Malpighiales","Violaceae","gbif","GBIF:5331181","herb","wind (none)",4,0.1,"Tamme et al."
"Viola pubescens subsp. scabriuscula","Viola pubescens","Viola pubescens","Plantae","Tracheophyta","Magnoliopsida","Malpighiales","Violaceae","gbif","GBIF:5331338","herb","ant",2.43,NA,"Tamme et al."
"Chloris virgata","Chloris virgata","Chloris virgata","Plantae","Tracheophyta","Liliopsida","Poales","Poaceae","gbif","GBIF:5289624","herb","wind (special)",0.57,NA,"Tamme et al."
"Setaria verticillata","Setaria verticillata","Setaria verticillata","Plantae","Tracheophyta","Liliopsida","Poales","Poaceae","gbif","GBIF:5289686","herb","wind (none)",0.8,0.6,"Tamme et al."
"Acer saccharum","Acer saccharum","Acer saccharum","Plantae","Tracheophyta","Magnoliopsida","Sapindales","Sapindaceae","gbif","GBIF:3189859","tree","wind (special)",55.2,NA,"Tamme et al."
"Betula papyrifera","Betula papyrifera","Betula papyrifera","Plantae","Tracheophyta","Magnoliopsida","Fagales","Betulaceae","gbif","GBIF:5332120","tree","wind (special)",0.4,NA,"Tamme et al."
"Betula alleghaniensis","Betula alleghaniensis","Betula alleghaniensis","Plantae","Tracheophyta","Magnoliopsida","Fagales","Betulaceae","gbif","GBIF:5331779","tree","wind (none)",0.9,NA,"Tamme et al."
"Bromus inermis","Bromus inermis","Bromus inermis","Plantae","Tracheophyta","Liliopsida","Poales","Poaceae","gbif","GBIF:2703670","herb","wind (special)",2.9,0.9,"Tamme et al."
"Dipsacus fullonum","Dipsacus fullonum","Dipsacus fullonum","Plantae","Tracheophyta","Magnoliopsida","Dipsacales","Caprifoliaceae","gbif","GBIF:8435025","herb","wind (none)",3.1,NA,"Tamme et al."
"Elymus repens","Elymus repens","Elymus repens","Plantae","Tracheophyta","Liliopsida","Poales","Poaceae","gbif","GBIF:5290299","herb","wind (none)",2.1,NA,"Tamme et al."
"Fraxinus americana","Fraxinus americana","Fraxinus americana","Plantae","Tracheophyta","Magnoliopsida","Lamiales","Oleaceae","gbif","GBIF:3172327","tree","wind (special)",38.1,NA,"Tamme et al."
"Juniperus virginiana","Juniperus virginiana","Juniperus virginiana","Plantae","Tracheophyta","Pinopsida","Pinales","Cupressaceae","gbif","GBIF:2684391","tree","wind (special)",15.1,NA,"Tamme et al."
"Panicum miliaceum","Panicum miliaceum","Panicum miliaceum","Plantae","Tracheophyta","Liliopsida","Poales","Poaceae","gbif","GBIF:2705090","herb","wind (none)",4.3,1,"Tamme et al."
"Picea glauca","Picea glauca","Picea glauca","Plantae","Tracheophyta","Pinopsida","Pinales","Pinaceae","gbif","GBIF:5284745","tree","wind (special)",2.4,21,"Tamme et al."
"Pinus resinosa","Pinus resinosa","Pinus resinosa","Plantae","Tracheophyta","Pinopsida","Pinales","Pinaceae","gbif","GBIF:5285067","tree","wind (special)",8,NA,"Tamme et al."
"Pinus strobus","Pinus strobus","Pinus strobus","Plantae","Tracheophyta","Pinopsida","Pinales","Pinaceae","gbif","GBIF:5284982","tree","wind (special)",17,40,"Tamme et al."
"Pseudotsuga menziesii","Pseudotsuga menziesii","Pseudotsuga menziesii","Plantae","Tracheophyta","Pinopsida","Pinales","Pinaceae","gbif","GBIF:2685796","tree","wind (special)",9.2,90,"Tamme et al."
"Tsuga canadensis","Tsuga canadensis","Tsuga canadensis","Plantae","Tracheophyta","Pinopsida","Pinales","Pinaceae","gbif","GBIF:2687182","tree","wind (special)",2.7,30,"Tamme et al."
"Carex pilulifera","Carex pilulifera","Carex pilulifera","Plantae","Tracheophyta","Liliopsida","Poales","Cyperaceae","gbif","GBIF:2726614","herb","ant",1.1,0.4,"Tamme et al."
"Acer platanoides","Acer platanoides","Acer platanoides","Plantae","Tracheophyta","Magnoliopsida","Sapindales","Sapindaceae","gbif","GBIF:3189846","tree","wind (special)",139,NA,"Tamme et al."
"Carpinus betulus","Carpinus betulus","Carpinus betulus","Plantae","Tracheophyta","Magnoliopsida","Fagales","Betulaceae","gbif","GBIF:2875818","tree","wind (special)",43,20,"Tamme et al."
"Larix decidua","Larix decidua","Larix decidua","Plantae","Tracheophyta","Pinopsida","Pinales","Pinaceae","gbif","GBIF:2686212","tree","wind (special)",7.1,35,"Tamme et al."
"Picea excelsa","Picea excelsa","Picea abies","Plantae",NA,"Pinopsida","Pinales","Pinaceae","itis","ITIS:183289","tree","wind (special)",NA,NA,"Tamme et al."
"Prunus avium","Prunus avium","Prunus avium","Plantae","Tracheophyta","Magnoliopsida","Rosales","Rosaceae","gbif","GBIF:3020791","tree","animal",142.86,7.5,"Tamme et al."
"Quercus petraea","Quercus petraea","Quercus petraea","Plantae","Tracheophyta","Magnoliopsida","Fagales","Fagaceae","gbif","GBIF:2880130","tree","animal",2342.2,35,"Tamme et al."
"Tilia cordata","Tilia cordata","Tilia cordata","Plantae","Tracheophyta","Magnoliopsida","Malvales","Malvaceae","gbif","GBIF:3152047","tree","wind (special)",31,NA,"Tamme et al."
"Tilia platyphyllos subsp. cordifolia","Tilia platyphyllos","Tilia platyphyllos","Plantae","Tracheophyta","Magnoliopsida","Malvales","Malvaceae","gbif","GBIF:3152048","tree","wind (special)",98.8,30,"Tamme et al."
"Ulmus glabra","Ulmus glabra","Ulmus glabra","Plantae","Tracheophyta","Magnoliopsida","Rosales","Ulmaceae","gbif","GBIF:5361866","tree","wind (special)",8.7,NA,"Tamme et al."
"Artemisia herba-alba","Artemisia herba-alba","Artemisia herba-alba","Plantae","Tracheophyta","Magnoliopsida","Asterales","Asteraceae","gbif","GBIF:3120848","herb","wind (none)",0.23,NA,"Tamme et al."
"Acer rubrum","Acer rubrum","Acer rubrum","Plantae","Tracheophyta","Magnoliopsida","Sapindales","Sapindaceae","gbif","GBIF:3189883","tree","wind (special)",26.5,NA,"Tamme et al."
"Anthoxanthum odoratum","Anthoxanthum odoratum","Anthoxanthum odoratum","Plantae","Tracheophyta","Liliopsida","Poales","Poaceae","gbif","GBIF:2705975","herb","wind (special)",0.53,0.74,"Tamme et al."
"Geranium maculatum","Geranium maculatum","Geranium maculatum","Plantae","Tracheophyta","Magnoliopsida","Geraniales","Geraniaceae","gbif","GBIF:7808016","herb","ballistic",6.07,NA,"Tamme et al."
"Senecio jacobaea","Senecio jacobaea","Senecio jacobaea","Plantae","Tracheophyta","Magnoliopsida","Asterales","Asteraceae","gbif","GBIF:8965572","herb","wind (special)",0.25,1,"Tamme et al."
"Verbascum thapsus","Verbascum thapsus","Verbascum thapsus","Plantae","Tracheophyta","Magnoliopsida","Lamiales","Scrophulariaceae","gbif","GBIF:3171949","herb","wind (special)",0.09,1.7,"Tamme et al."
"Achillea millefolium","Achillea millefolium","Achillea millefolium","Plantae","Tracheophyta","Magnoliopsida","Asterales","Asteraceae","gbif","GBIF:3120060","herb","wind (none)",0.2,1.2,"Tamme et al."
"Achillea ptarmica","Achillea ptarmica","Achillea ptarmica","Plantae","Tracheophyta","Magnoliopsida","Asterales","Asteraceae","gbif","GBIF:3120333","herb","wind (none)",0.25,1.5,"Tamme et al."
"Agrostis stolonifera","Agrostis stolonifera","Agrostis stolonifera","Plantae","Tracheophyta","Liliopsida","Poales","Poaceae","gbif","GBIF:2706435","herb","wind (special)",0.06,0.7,"Tamme et al."
"Allium oleraceum","Allium oleraceum","Allium oleraceum","Plantae","Tracheophyta","Liliopsida","Asparagales","Amaryllidaceae","gbif","GBIF:2857071","herb","wind (none)",NA,0.7,"Tamme et al."
"Allium vineale","Allium vineale","Allium vineale","Plantae","Tracheophyta","Liliopsida","Asparagales","Amaryllidaceae","gbif","GBIF:7792960","herb","wind (none)",NA,0.7,"Tamme et al."
"Anagallis minima","Anagallis minima","Lysimachia minima","Plantae","Tracheophyta","Magnoliopsida","Ericales","Primulaceae","gbif","GBIF:7939955","herb","wind (none)",0.04,0.08,"Tamme et al."
"Aquilegia vulgaris","Aquilegia vulgaris","Aquilegia vulgaris","Plantae","Tracheophyta","Magnoliopsida","Ranunculales","Ranunculaceae","gbif","GBIF:3033191","herb","wind (none)",1.5,NA,"Tamme et al."
"Arabidopsis thaliana","Arabidopsis thaliana","Arabidopsis thaliana","Plantae","Tracheophyta","Magnoliopsida","Brassicales","Brassicaceae","gbif","GBIF:3052436","herb","wind (none)",0.02,0.3,"Tamme et al."
"Arabis hirsuta subsp. hirsuta","Arabis hirsuta","Arabis hirsuta","Plantae","Tracheophyta","Magnoliopsida","Brassicales","Brassicaceae","gbif","GBIF:9202524","herb","wind (none)",0.14,0.8,"Tamme et al."
"Arenaria serpyllifolia","Arenaria serpyllifolia","Arenaria serpyllifolia","Plantae","Tracheophyta","Magnoliopsida","Caryophyllales","Caryophyllaceae","gbif","GBIF:8089871","herb","wind (none)",0.07,0.3,"Tamme et al."
"Armeria maritima","Armeria maritima","Armeria maritima","Plantae","Tracheophyta","Magnoliopsida","Caryophyllales","Plumbaginaceae","gbif","GBIF:8930531","herb","wind (special)",0.03,0.5,"Tamme et al."
"Arnica montana","Arnica montana","Arnica montana","Plantae","Tracheophyta","Magnoliopsida","Asterales","Asteraceae","gbif","GBIF:5405976","herb","wind (special)",1.67,0.5,"Tamme et al."
"Artemisia vulgaris","Artemisia vulgaris","Artemisia vulgaris","Plantae","Tracheophyta","Magnoliopsida","Asterales","Asteraceae","gbif","GBIF:3120946","herb","wind (none)",0.17,2.5,"Tamme et al."
"Atriplex prostrata subsp. calotheca","Atriplex prostrata","Atriplex prostrata","Plantae","Tracheophyta","Magnoliopsida","Caryophyllales","Amaranthaceae","gbif","GBIF:3083786","herb","wind (none)",NA,1.5,"Tamme et al."
"Atriplex patula","Atriplex patula","Atriplex patula","Plantae","Tracheophyta","Magnoliopsida","Caryophyllales","Amaranthaceae","gbif","GBIF:3083728","herb","wind (none)",1.43,1.5,"Tamme et al."
"Atriplex prostrata","Atriplex prostrata","Atriplex prostrata","Plantae","Tracheophyta","Magnoliopsida","Caryophyllales","Amaranthaceae","gbif","GBIF:3083786","herb","wind (special)",1.31,1,"Tamme et al."
"Barbarea vulgaris","Barbarea vulgaris","Barbarea vulgaris","Plantae","Tracheophyta","Magnoliopsida","Brassicales","Brassicaceae","gbif","GBIF:5708780","herb","wind (none)",0.6,0.9,"Tamme et al."
"Bellis perennis","Bellis perennis","Bellis perennis","Plantae","Tracheophyta","Magnoliopsida","Asterales","Asteraceae","gbif","GBIF:3117424","herb","wind (none)",0.13,0.15,"Tamme et al."
"Brassica nigra","Brassica nigra","Brassica nigra","Plantae","Tracheophyta","Magnoliopsida","Brassicales","Brassicaceae","gbif","GBIF:3042658","herb","wind (none)",1.3,1.34,"Tamme et al."
"Brassica oleracea","Brassica oleracea","Brassica oleracea","Plantae","Tracheophyta","Magnoliopsida","Brassicales","Brassicaceae","gbif","GBIF:3042845","herb","wind (none)",3.94,1.2,"Tamme et al."
"Brassica rapa","Brassica rapa","Brassica rapa","Plantae","Tracheophyta","Magnoliopsida","Brassicales","Brassicaceae","gbif","GBIF:7903057","herb","wind (none)",2,1.02,"Tamme et al."
"Campanula rapunculoides","Campanula rapunculoides","Campanula rapunculoides","Plantae","Tracheophyta","Magnoliopsida","Asterales","Campanulaceae","gbif","GBIF:5410436","herb","wind (none)",0.13,0.8,"Tamme et al."
"Campanula rotundifolia","Campanula rotundifolia","Campanula rotundifolia","Plantae","Tracheophyta","Magnoliopsida","Asterales","Campanulaceae","gbif","GBIF:5410907","herb","wind (none)",0.06,0.48,"Tamme et al."
"Campanula trachelium","Campanula trachelium","Campanula trachelium","Plantae","Tracheophyta","Magnoliopsida","Asterales","Campanulaceae","gbif","GBIF:5412014","herb","wind (none)",0.21,1,"Tamme et al."
"Capsella bursa-pastoris","Capsella bursa-pastoris","Capsella bursa-pastoris","Plantae","Tracheophyta","Magnoliopsida","Brassicales","Brassicaceae","gbif","GBIF:5375388","herb","wind (none)",0.1,0.7,"Tamme et al."
"Carduus crispus","Carduus crispus","Carduus crispus","Plantae","Tracheophyta","Magnoliopsida","Asterales","Asteraceae","gbif","GBIF:3114649","herb","wind (special)",1.75,1.8,"Tamme et al."
"Carex extensa","Carex extensa","Carex extensa","Plantae","Tracheophyta","Liliopsida","Poales","Cyperaceae","gbif","GBIF:2726545","herb","wind (none)",1.15,0.3,"Tamme et al."
"Carex echinata","Carex echinata","Carex echinata","Plantae","Tracheophyta","Liliopsida","Poales","Cyperaceae","gbif","GBIF:2726894","herb","wind (none)",0.86,0.4,"Tamme et al."
"Carex remota","Carex remota","Carex remota","Plantae","Tracheophyta","Liliopsida","Poales","Cyperaceae","gbif","GBIF:2727294","herb","wind (none)",0.48,0.6,"Tamme et al."
"Carlina vulgaris","Carlina vulgaris","Carlina vulgaris","Plantae","Tracheophyta","Magnoliopsida","Asterales","Asteraceae","gbif","GBIF:3105380","herb","wind (special)",1.4,0.6,"Tamme et al."
"Centaurea cyanus","Centaurea cyanus","Centaurea cyanus","Plantae","Tracheophyta","Magnoliopsida","Asterales","Asteraceae","gbif","GBIF:3089561","herb","wind (special)",4.1,1.01,"Tamme et al."
"Centaurea scabiosa","Centaurea scabiosa","Centaurea scabiosa","Plantae","Tracheophyta","Magnoliopsida","Asterales","Asteraceae","gbif","GBIF:8087525","herb","wind (special)",6.5,1.5,"Tamme et al."
"Cephalanthera damasonium","Cephalanthera damasonium","Cephalanthera damasonium","Plantae","Tracheophyta","Liliopsida","Asparagales","Orchidaceae","gbif","GBIF:2795952","herb","wind (special)",NA,0.6,"Tamme et al."
"Cerastium fontanum subsp. vulgare","Cerastium fontanum","Cerastium fontanum","Plantae","Tracheophyta","Magnoliopsida","Caryophyllales","Caryophyllaceae","gbif","GBIF:3085458","herb","wind (none)",NA,0.6,"Tamme et al."
"Cerastium semidecandrum","Cerastium semidecandrum","Cerastium semidecandrum","Plantae","Tracheophyta","Magnoliopsida","Caryophyllales","Caryophyllaceae","gbif","GBIF:3085434","herb","wind (none)",0.04,0.2,"Tamme et al."
"Cichorium intybus","Cichorium intybus","Cichorium intybus","Plantae","Tracheophyta","Magnoliopsida","Asterales","Asteraceae","gbif","GBIF:5392252","herb","wind (none)",1.03,1.5,"Tamme et al."
"Cirsium vulgare","Cirsium vulgare","Cirsium vulgare","Plantae","Tracheophyta","Magnoliopsida","Asterales","Asteraceae","gbif","GBIF:3112801","herb","wind (special)",2.9,2,"Tamme et al."
"Cirsium arvense","Cirsium arvense","Cirsium arvense","Plantae","Tracheophyta","Magnoliopsida","Asterales","Asteraceae","gbif","GBIF:3113414","herb","wind (special)",1.3,1.2,"Tamme et al."
"Cirsium dissectum","Cirsium dissectum","Cirsium dissectum","Plantae","Tracheophyta","Magnoliopsida","Asterales","Asteraceae","gbif","GBIF:3113784","herb","wind (special)",2.37,1,"Tamme et al."
"Cirsium palustre","Cirsium palustre","Cirsium palustre","Plantae","Tracheophyta","Magnoliopsida","Asterales","Asteraceae","gbif","GBIF:3113239","herb","wind (special)",1.67,1.93,"Tamme et al."
"Clematis vitalba","Clematis vitalba","Clematis vitalba","Plantae","Tracheophyta","Magnoliopsida","Ranunculales","Ranunculaceae","gbif","GBIF:3033558","shrub","wind (special)",2.3,10,"Tamme et al."
"Conium maculatum","Conium maculatum","Conium maculatum","Plantae","Tracheophyta","Magnoliopsida","Apiales","Apiaceae","gbif","GBIF:3034807","herb","wind (none)",2.8,NA,"Tamme et al."
"Conyza canadensis","Conyza canadensis","Erigeron canadensis","Plantae","Tracheophyta","Magnoliopsida","Asterales","Asteraceae","gbif","GBIF:3146791","herb","wind (special)",0.05,1,"Tamme et al."
"Crepis biennis","Crepis biennis","Crepis biennis","Plantae","Tracheophyta","Magnoliopsida","Asterales","Asteraceae","gbif","GBIF:5403531","herb","wind (special)",1.23,1.2,"Tamme et al."
"Crepis capillaris","Crepis capillaris","Crepis capillaris","Plantae","Tracheophyta","Magnoliopsida","Asterales","Asteraceae","gbif","GBIF:5403304","herb","wind (special)",NA,NA,"Tamme et al."
"Crepis paludosa","Crepis paludosa","Crepis paludosa","Plantae","Tracheophyta","Magnoliopsida","Asterales","Asteraceae","gbif","GBIF:5403296","herb","wind (special)",0.57,0.8,"Tamme et al."
"Descurainia sophia","Descurainia sophia","Descurainia sophia","Plantae","Tracheophyta","Magnoliopsida","Brassicales","Brassicaceae","gbif","GBIF:3044318","herb","wind (none)",0.1,0.7,"Tamme et al."
"Digitalis purpurea","Digitalis purpurea","Digitalis purpurea","Plantae","Tracheophyta","Magnoliopsida","Lamiales","Plantaginaceae","gbif","GBIF:5414995","herb","wind (none)",0.1,1.5,"Tamme et al."
"Drosera rotundifolia","Drosera rotundifolia","Drosera rotundifolia","Plantae","Tracheophyta","Magnoliopsida","Caryophyllales","Droseraceae","gbif","GBIF:3191030","herb","wind (none)",0.02,0.2,"Tamme et al."
"Epilobium hirsutum","Epilobium hirsutum","Epilobium hirsutum","Plantae","Tracheophyta","Magnoliopsida","Myrtales","Onagraceae","gbif","GBIF:3189172","herb","wind (special)",0.1,1.5,"Tamme et al."
"Epilobium palustre","Epilobium palustre","Epilobium palustre","Plantae","Tracheophyta","Magnoliopsida","Myrtales","Onagraceae","gbif","GBIF:3189080","herb","wind (special)",0.04,0.5,"Tamme et al."
"Epilobium ciliatum","Epilobium ciliatum","Epilobium ciliatum","Plantae","Tracheophyta","Magnoliopsida","Myrtales","Onagraceae","gbif","GBIF:9188840","herb","wind (special)",0.05,NA,"Tamme et al."
"Epilobium montanum","Epilobium montanum","Epilobium montanum","Plantae","Tracheophyta","Magnoliopsida","Myrtales","Onagraceae","gbif","GBIF:3664083","herb","wind (special)",0.1,0.8,"Tamme et al."
"Epilobium parviflorum","Epilobium parviflorum","Epilobium parviflorum","Plantae","Tracheophyta","Magnoliopsida","Myrtales","Onagraceae","gbif","GBIF:3189157","herb","wind (special)",0.1,0.8,"Tamme et al."
"Erigeron annuus","Erigeron annuus","Erigeron annuus","Plantae","Tracheophyta","Magnoliopsida","Asterales","Asteraceae","gbif","GBIF:3117449","herb","wind (special)",0.05,1,"Tamme et al."
"Eriophorum angustifolium","Eriophorum angustifolium","Eriophorum angustifolium","Plantae","Tracheophyta","Liliopsida","Poales","Cyperaceae","gbif","GBIF:2730127","herb","wind (special)",0.45,0.6,"Tamme et al."
"Eriophorum latifolium","Eriophorum latifolium","Eriophorum latifolium","Plantae","Tracheophyta","Liliopsida","Poales","Cyperaceae","gbif","GBIF:2730210","herb","wind (special)",0.65,0.6,"Tamme et al."
"Eriophorum vaginatum","Eriophorum vaginatum","Eriophorum vaginatum","Plantae","Tracheophyta","Liliopsida","Poales","Cyperaceae","gbif","GBIF:2730185","herb","wind (special)",0.78,NA,"Tamme et al."
"Erophila verna","Erophila verna","Draba verna","Plantae",NA,"Magnoliopsida","Brassicales","Brassicaceae","itis","ITIS:22923","herb","wind (none)",0.03,0.15,"Tamme et al."
"Eupatorium cannabinum","Eupatorium cannabinum","Eupatorium cannabinum","Plantae","Tracheophyta","Magnoliopsida","Asterales","Asteraceae","gbif","GBIF:5402943","herb","wind (special)",0.29,1.5,"Tamme et al."
"Fallopia convolvulus","Fallopia convolvulus","Fallopia convolvulus","Plantae","Tracheophyta","Magnoliopsida","Caryophyllales","Polygonaceae","gbif","GBIF:6391461","herb","wind (none)",6.7,2,"Tamme et al."
"Galinsoga parviflora","Galinsoga parviflora","Galinsoga parviflora","Plantae","Tracheophyta","Magnoliopsida","Asterales","Asteraceae","gbif","GBIF:3132570","herb","wind (none)",0.22,NA,"Tamme et al."
"Galinsoga quadriradiata","Galinsoga quadriradiata","Galinsoga quadriradiata","Plantae","Tracheophyta","Magnoliopsida","Asterales","Asteraceae","gbif","GBIF:8298495","herb","wind (none)",NA,NA,"Tamme et al."
"Gentianella germanica","Gentianella germanica","Gentianella germanica","Plantae","Tracheophyta","Magnoliopsida","Gentianales","Gentianaceae","gbif","GBIF:7539382","herb","wind (none)",0.18,0.4,"Tamme et al."
"Helichrysum luteoalbum","Helichrysum luteoalbum","Helichrysum luteoalbum","Plantae","Tracheophyta","Magnoliopsida","Asterales","Asteraceae","gbif","GBIF:3131229","herb","wind (special)",0.02,0.3,"Tamme et al."
"Helminthotheca echioides","Helminthotheca echioides","Helminthotheca echioides","Plantae","Tracheophyta","Magnoliopsida","Asterales","Asteraceae","gbif","GBIF:3141855","herb","wind (special)",0.84,0.6,"Tamme et al."
"Hieracium pilosella","Hieracium pilosella","Hieracium pilosum","Plantae","Tracheophyta","Magnoliopsida","Asterales","Asteraceae","gbif","GBIF:7569785","herb","wind (special)",0.2,0.35,"Tamme et al."
"Hieracium sabaudum","Hieracium sabaudum","Hieracium sabaudum","Plantae","Tracheophyta","Magnoliopsida","Asterales","Asteraceae","gbif","GBIF:3136606","herb","wind (special)",0.42,1.5,"Tamme et al."
"Hieracium umbellatum","Hieracium umbellatum","Hieracium umbellatum","Plantae","Tracheophyta","Magnoliopsida","Asterales","Asteraceae","gbif","GBIF:3135329","herb","wind (special)",0.53,1.03,"Tamme et al."
"Holcus lanatus","Holcus lanatus","Holcus lanatus","Plantae","Tracheophyta","Liliopsida","Poales","Poaceae","gbif","GBIF:2706164","herb","wind (special)",0.3,1,"Tamme et al."
"Hypericum perforatum","Hypericum perforatum","Hypericum perforatum","Plantae","Tracheophyta","Magnoliopsida","Malpighiales","Hypericaceae","gbif","GBIF:3189486","herb","wind (none)",0.2,0.9,"Tamme et al."
"Hypericum tetrapterum","Hypericum tetrapterum","Hypericum tetrapterum","Plantae","Tracheophyta","Magnoliopsida","Malpighiales","Hypericaceae","gbif","GBIF:6436469","herb","wind (none)",0.05,NA,"Tamme et al."
"Hypochaeris maculata","Hypochaeris maculata","Trommsdorffia maculata","Plantae","Tracheophyta","Magnoliopsida","Asterales","Asteraceae","gbif","GBIF:5387328","herb","wind (none)",1.78,NA,"Tamme et al."
"Hypochoeris radicata","Hypochoeris radicata","Hypochoeris radicata","Plantae","Tracheophyta","Magnoliopsida","Asterales","Asteraceae","gbif","GBIF:7605771","herb","wind (special)",0.8,0.6,"Tamme et al."
"Inula conyzae","Pentanema squarrosum","Pentanema squarrosum","Plantae","Tracheophyta","Magnoliopsida","Asterales","Asteraceae","gbif","GBIF:10998833","herb","wind (special)",NA,0.8,"Tamme et al."
"Jasione montana","Jasione montana","Jasione montana","Plantae","Tracheophyta","Magnoliopsida","Asterales","Campanulaceae","gbif","GBIF:8366345","herb","wind (none)",0.07,0.45,"Tamme et al."
"Juncus bufonius","Juncus bufonius","Juncus bufonius","Plantae","Tracheophyta","Liliopsida","Poales","Juncaceae","gbif","GBIF:6413649","herb","wind (special)",0.02,0.1,"Tamme et al."
"Juncus compressus","Juncus compressus","Juncus compressus","Plantae","Tracheophyta","Liliopsida","Poales","Juncaceae","gbif","GBIF:2701599","herb","wind (special)",0.01,0.3,"Tamme et al."
"Juncus effusus","Juncus effusus","Juncus effusus","Plantae","Tracheophyta","Liliopsida","Poales","Juncaceae","gbif","GBIF:2701311","herb","wind (special)",0.02,1.5,"Tamme et al."
"Lactuca serriola","Lactuca serriola","Lactuca serriola","Plantae","Tracheophyta","Magnoliopsida","Asterales","Asteraceae","gbif","GBIF:3140490","herb","wind (special)",0.58,1.2,"Tamme et al."
"Leontodon autumnalis","Leontodon autumnalis","Leontodon autumnalis","Plantae","Tracheophyta","Magnoliopsida","Asterales","Asteraceae","gbif","GBIF:8058115","herb","wind (special)",0.7,0.45,"Tamme et al."
"Leontodon hispidus","Leontodon hispidus","Leontodon hispidus","Plantae","Tracheophyta","Magnoliopsida","Asterales","Asteraceae","gbif","GBIF:3137498","herb","wind (special)",1.1,0.6,"Tamme et al."
"Leucanthemum vulgare","Leucanthemum vulgare","Leucanthemum vulgare","Plantae","Tracheophyta","Magnoliopsida","Asterales","Asteraceae","gbif","GBIF:8848598","herb","wind (none)",0.41,0.5,"Tamme et al."
"Linaria vulgaris","Linaria vulgaris","Linaria vulgaris","Plantae","Tracheophyta","Magnoliopsida","Lamiales","Plantaginaceae","gbif","GBIF:5415020","herb","wind (special)",0.16,0.75,"Tamme et al."
"Linum catharticum","Linum catharticum","Linum catharticum","Plantae","Tracheophyta","Magnoliopsida","Malpighiales","Linaceae","gbif","GBIF:2873865","herb","wind (none)",0.15,0.3,"Tamme et al."
"Lunaria annua","Lunaria annua","Lunaria annua","Plantae","Tracheophyta","Magnoliopsida","Brassicales","Brassicaceae","gbif","GBIF:5373324","herb","wind (special)",16,1,"Tamme et al."
"Luzula campestris","Luzula campestris","Luzula campestris","Plantae","Tracheophyta","Liliopsida","Poales","Juncaceae","gbif","GBIF:2700828","herb","wind (none)",0.6,0.6,"Tamme et al."
"Lythrum salicaria","Lythrum salicaria","Lythrum salicaria","Plantae","Tracheophyta","Magnoliopsida","Myrtales","Lythraceae","gbif","GBIF:3188736","herb","wind (none)",0.05,1,"Tamme et al."
"Matricaria matricarioides","Matricaria matricarioides","Matricaria discoidea","Plantae","Tracheophyta","Magnoliopsida","Asterales","Asteraceae","gbif","GBIF:3103791","herb","wind (none)",NA,NA,"Tamme et al."
"Melilotus officinalis","Melilotus officinalis","Melilotus officinalis","Plantae","Tracheophyta","Magnoliopsida","Fabales","Fabaceae","gbif","GBIF:8193111","herb","wind (none)",2.7,1,"Tamme et al."
"Mycelis muralis","Mycelis muralis","Mycelis muralis","Plantae","Tracheophyta","Magnoliopsida","Asterales","Asteraceae","gbif","GBIF:3139040","herb","wind (special)",0.31,1.29,"Tamme et al."
"Myosotis arvensis","Myosotis arvensis","Myosotis arvensis","Plantae","Tracheophyta","Magnoliopsida","Boraginales","Boraginaceae","gbif","GBIF:5341170","herb","wind (none)",0.5,0.4,"Tamme et al."
"Myosotis scorpioides","Myosotis scorpioides","Myosotis scorpioides","Plantae","Tracheophyta","Magnoliopsida","Boraginales","Boraginaceae","gbif","GBIF:5341184","herb","wind (none)",0.31,0.3,"Tamme et al."
"Narthecium ossifragum","Narthecium ossifragum","Narthecium ossifragum","Plantae","Tracheophyta","Liliopsida","Dioscoreales","Nartheciaceae","gbif","GBIF:5602614","herb","wind (none)",0.1,NA,"Tamme et al."
"Nepeta cataria","Nepeta cataria","Nepeta cataria","Plantae","Tracheophyta","Magnoliopsida","Lamiales","Lamiaceae","gbif","GBIF:5341499","herb","wind (none)",0.55,1,"Tamme et al."
"Odontites vernus","Odontites vernus","Odontites vernus","Plantae","Tracheophyta","Magnoliopsida","Lamiales","Orobanchaceae","gbif","GBIF:8971475","herb","wind (none)",0.15,NA,"Tamme et al."
"Onopordum acanthium","Onopordum acanthium","Onopordum acanthium","Plantae","Tracheophyta","Magnoliopsida","Asterales","Asteraceae","gbif","GBIF:3094900","herb","wind (special)",8.3,2.5,"Tamme et al."
"Papaver rhoeas","Papaver rhoeas","Papaver rhoeas","Plantae","Tracheophyta","Magnoliopsida","Ranunculales","Papaveraceae","gbif","GBIF:2888443","herb","wind (none)",0.2,0.9,"Tamme et al."
"Pedicularis palustris","Pedicularis palustris","Pedicularis palustris","Plantae","Tracheophyta","Magnoliopsida","Lamiales","Orobanchaceae","gbif","GBIF:3171734","herb","wind (none)",0.69,0.5,"Tamme et al."
"Pilosella lactucella","Pilosella lactucella","Pilosella lactucella","Plantae","Tracheophyta","Magnoliopsida","Asterales","Asteraceae","gbif","GBIF:9509071","herb","wind (special)",NA,0.35,"Tamme et al."
"Plantago major","Plantago major","Plantago major","Plantae","Tracheophyta","Magnoliopsida","Lamiales","Plantaginaceae","gbif","GBIF:3189767","herb","wind (none)",0.2,0.4,"Tamme et al."
"Poa annua","Poa annua","Poa annua","Plantae","Tracheophyta","Liliopsida","Poales","Poaceae","gbif","GBIF:2704179","herb","wind (none)",0.3,0.3,"Tamme et al."
"Poa pratensis","Poa pratensis","Poa pratensis","Plantae","Tracheophyta","Liliopsida","Poales","Poaceae","gbif","GBIF:2704178","herb","wind (none)",0.3,0.9,"Tamme et al."
"Potentilla argentea","Potentilla argentea","Potentilla argentea","Plantae","Tracheophyta","Magnoliopsida","Rosales","Rosaceae","gbif","GBIF:8011540","herb","wind (none)",0.08,0.28,"Tamme et al."
"Potentilla erecta","Potentilla erecta","Potentilla erecta","Plantae","Tracheophyta","Magnoliopsida","Rosales","Rosaceae","gbif","GBIF:5365576","herb","wind (none)",0.4,0.5,"Tamme et al."
"Potentilla verna","Potentilla verna","Potentilla verna","Plantae","Tracheophyta","Magnoliopsida","Rosales","Rosaceae","gbif","GBIF:8182596","herb","wind (none)",0.17,NA,"Tamme et al."
"Primula elatior","Primula elatior","Primula elatior","Plantae","Tracheophyta","Magnoliopsida","Ericales","Primulaceae","gbif","GBIF:5414326","herb","wind (none)",0.85,0.2,"Tamme et al."
"Primula veris","Primula veris","Primula veris","Plantae","Tracheophyta","Magnoliopsida","Ericales","Primulaceae","gbif","GBIF:8377689","herb","wind (none)",0.83,0.3,"Tamme et al."
"Pulicaria dysenterica","Pulicaria dysenterica","Pulicaria dysenterica","Plantae","Tracheophyta","Magnoliopsida","Asterales","Asteraceae","gbif","GBIF:3095609","herb","wind (special)",0.07,0.6,"Tamme et al."
"Ranunculus sceleratus","Ranunculus sceleratus","Ranunculus sceleratus","Plantae","Tracheophyta","Magnoliopsida","Ranunculales","Ranunculaceae","gbif","GBIF:3033374","herb","wind (none)",0.2,0.6,"Tamme et al."
"Raphanus raphanistrum","Raphanus raphanistrum","Raphanus raphanistrum","Plantae","Tracheophyta","Magnoliopsida","Brassicales","Brassicaceae","gbif","GBIF:3040983","herb","wind (none)",21.58,0.6,"Tamme et al."
"Raphanus sativus","Raphanus sativus","Raphanus sativus","Plantae","Tracheophyta","Magnoliopsida","Brassicales","Brassicaceae","gbif","GBIF:7678610","herb","wind (none)",19,1,"Tamme et al."
"Reseda lutea","Reseda lutea","Reseda lutea","Plantae","Tracheophyta","Magnoliopsida","Brassicales","Resedaceae","gbif","GBIF:3040252","herb","wind (none)",0.8,0.6,"Tamme et al."
"Rhinanthus alectorolophus","Rhinanthus alectorolophus","Rhinanthus alectorolophus","Plantae","Tracheophyta","Magnoliopsida","Lamiales","Orobanchaceae","gbif","GBIF:3172045","herb","wind (none)",2.82,0.8,"Tamme et al."
"Rhinanthus minor","Rhinanthus minor","Rhinanthus minor","Plantae","Tracheophyta","Magnoliopsida","Lamiales","Orobanchaceae","gbif","GBIF:3172043","herb","wind (none)",2.51,0.6,"Tamme et al."
"Rumex acetosa","Rumex acetosa","Rumex acetosa","Plantae","Tracheophyta","Magnoliopsida","Caryophyllales","Polygonaceae","gbif","GBIF:2888951","herb","wind (special)",0.8,1,"Tamme et al."
"Rumex crispus","Rumex crispus","Rumex crispus","Plantae","Tracheophyta","Magnoliopsida","Caryophyllales","Polygonaceae","gbif","GBIF:8195144","herb","wind (special)",1.5,1.6,"Tamme et al."
"Rumex hydrolapathum","Rumex hydrolapathum","Rumex hydrolapathum","Plantae","Tracheophyta","Magnoliopsida","Caryophyllales","Polygonaceae","gbif","GBIF:7291247","herb","wind (special)",3.2,2,"Tamme et al."
"Salicornia europaea","Salicornia europaea","Salicornia europaea","Plantae","Tracheophyta","Magnoliopsida","Caryophyllales","Amaranthaceae","gbif","GBIF:12239479","herb","wind (none)",NA,NA,"Tamme et al."
"Sanguisorba minor","Sanguisorba minor","Poterium sanguisorba","Plantae","Tracheophyta","Magnoliopsida","Rosales","Rosaceae","gbif","GBIF:5364245","herb","wind (special)",7.3,0.4,"Tamme et al."
"Sanguisorba officinalis","Sanguisorba officinalis","Sanguisorba officinalis","Plantae","Tracheophyta","Magnoliopsida","Rosales","Rosaceae","gbif","GBIF:3029627","herb","wind (special)",2.1,1.5,"Tamme et al."
"Saponaria officinalis","Saponaria officinalis","Saponaria officinalis","Plantae","Tracheophyta","Magnoliopsida","Caryophyllales","Caryophyllaceae","gbif","GBIF:3085360","herb","wind (none)",1.7,0.8,"Tamme et al."
"Scabiosa columbaria","Scabiosa columbaria","Scabiosa columbaria","Plantae","Tracheophyta","Magnoliopsida","Dipsacales","Caprifoliaceae","gbif","GBIF:2888802","herb","wind (special)",1.26,0.6,"Tamme et al."
"Scleranthus annuus","Scleranthus annuus","Scleranthus annuus","Plantae","Tracheophyta","Magnoliopsida","Caryophyllales","Caryophyllaceae","gbif","GBIF:3085894","herb","wind (none)",1.2,0.2,"Tamme et al."
"Scrophularia nodosa","Scrophularia nodosa","Scrophularia nodosa","Plantae","Tracheophyta","Magnoliopsida","Lamiales","Scrophulariaceae","gbif","GBIF:3170886","herb","wind (none)",0.11,1.35,"Tamme et al."
"Senecio vulgaris","Senecio vulgaris","Senecio vulgaris","Plantae","Tracheophyta","Magnoliopsida","Asterales","Asteraceae","gbif","GBIF:3108983","herb","wind (special)",0.22,0.3,"Tamme et al."
"Senecio erucifolius","Senecio erucifolius","Jacobaea erucifolia","Plantae",NA,"Magnoliopsida","Asterales","Asteraceae","itis","ITIS:780392","herb","wind (special)",0.34,1.25,"Tamme et al."
"Senecio inaequidens","Senecio inaequidens","Senecio inaequidens","Plantae","Tracheophyta","Magnoliopsida","Asterales","Asteraceae","gbif","GBIF:3109086","herb","wind (special)",0.25,1,"Tamme et al."
"Senecio ovatus","Senecio ovatus","Senecio ovatus","Plantae","Tracheophyta","Magnoliopsida","Asterales","Asteraceae","gbif","GBIF:3107361","herb","wind (special)",NA,NA,"Tamme et al."
"Senecio sylvaticus","Senecio sylvaticus","Senecio sylvaticus","Plantae","Tracheophyta","Magnoliopsida","Asterales","Asteraceae","gbif","GBIF:3107987","herb","wind (special)",0.25,NA,"Tamme et al."
"Serratula tinctoria","Serratula tinctoria","Serratula tinctoria","Plantae","Tracheophyta","Magnoliopsida","Asterales","Asteraceae","gbif","GBIF:5388835","herb","wind (none)",2.38,1,"Tamme et al."
"Silene dioica","Silene dioica","Silene dioica","Plantae","Tracheophyta","Magnoliopsida","Caryophyllales","Caryophyllaceae","gbif","GBIF:5384795","herb","wind (none)",0.69,0.9,"Tamme et al."
"Silene flos-cuculi","Silene flos-cuculi","Silene flos-cuculi","Plantae","Tracheophyta","Magnoliopsida","Caryophyllales","Caryophyllaceae","gbif","GBIF:5384738","herb","wind (none)",0.19,NA,"Tamme et al."
"Silene latifolia subsp. alba","Silene latifolia","Silene latifolia","Plantae","Tracheophyta","Magnoliopsida","Caryophyllales","Caryophyllaceae","gbif","GBIF:5384805","herb","wind (none)",0.94,NA,"Tamme et al."
"Silene vulgaris","Silene vulgaris","Silene vulgaris","Plantae","Tracheophyta","Magnoliopsida","Caryophyllales","Caryophyllaceae","gbif","GBIF:9172281","herb","wind (none)",1.6,0.55,"Tamme et al."
"Sinapis arvensis","Sinapis arvensis","Sinapis arvensis","Plantae","Tracheophyta","Magnoliopsida","Brassicales","Brassicaceae","gbif","GBIF:3047598","herb","wind (none)",2.2,0.6,"Tamme et al."
"Sisymbrium altissimum","Sisymbrium altissimum","Sisymbrium altissimum","Plantae","Tracheophyta","Magnoliopsida","Brassicales","Brassicaceae","gbif","GBIF:3046736","herb","wind (none)",0.2,1.09,"Tamme et al."
"Solidago canadensis","Solidago canadensis","Solidago canadensis","Plantae","Tracheophyta","Magnoliopsida","Asterales","Asteraceae","gbif","GBIF:5389029","herb","wind (special)",0.11,2.5,"Tamme et al."
"Solidago gigantea","Solidago gigantea","Solidago gigantea","Plantae","Tracheophyta","Magnoliopsida","Asterales","Asteraceae","gbif","GBIF:5389017","herb","wind (special)",0.22,2.5,"Tamme et al."
"Solidago virgaurea","Solidago virgaurea","Solidago virgaurea","Plantae","Tracheophyta","Magnoliopsida","Asterales","Asteraceae","gbif","GBIF:6446462","herb","wind (special)",0.49,1.25,"Tamme et al."
"Sonchus arvensis","Sonchus arvensis","Sonchus arvensis","Plantae","Tracheophyta","Magnoliopsida","Asterales","Asteraceae","gbif","GBIF:3105813","herb","wind (special)",0.49,1.5,"Tamme et al."
"Sonchus asper","Sonchus asper","Sonchus asper","Plantae","Tracheophyta","Magnoliopsida","Asterales","Asteraceae","gbif","GBIF:3105782","herb","wind (special)",0.28,1.5,"Tamme et al."
"Sonchus oleraceus","Sonchus oleraceus","Sonchus oleraceus","Plantae","Tracheophyta","Magnoliopsida","Asterales","Asteraceae","gbif","GBIF:8228544","herb","wind (special)",0.3,1,"Tamme et al."
"Spergularia marina","Spergularia marina","Spergularia marina","Plantae","Tracheophyta","Magnoliopsida","Caryophyllales","Caryophyllaceae","gbif","GBIF:7736551","herb","wind (special)",0.05,0.2,"Tamme et al."
"Spergularia media","Spergularia media","Spergularia media","Plantae","Tracheophyta","Magnoliopsida","Caryophyllales","Caryophyllaceae","gbif","GBIF:7570897","herb","wind (special)",0.1,0.4,"Tamme et al."
"Spergularia rubra","Spergularia rubra","Spergularia rubra","Plantae","Tracheophyta","Magnoliopsida","Caryophyllales","Caryophyllaceae","gbif","GBIF:3085633","herb","wind (special)",0.07,0.25,"Tamme et al."
"Stellaria graminea","Stellaria graminea","Stellaria graminea","Plantae","Tracheophyta","Magnoliopsida","Caryophyllales","Caryophyllaceae","gbif","GBIF:5384616","herb","wind (none)",0.27,0.65,"Tamme et al."
"Stellaria media","Stellaria media","Stellaria media","Plantae","Tracheophyta","Magnoliopsida","Caryophyllales","Caryophyllaceae","gbif","GBIF:5384604","herb","wind (none)",0.4,0.4,"Tamme et al."
"Suaeda maritima","Suaeda maritima","Suaeda maritima","Plantae","Tracheophyta","Magnoliopsida","Caryophyllales","Amaranthaceae","gbif","GBIF:3083541","herb","wind (none)",NA,0.35,"Tamme et al."
"Tanacetum vulgare","Tanacetum vulgare","Tanacetum vulgare","Plantae","Tracheophyta","Magnoliopsida","Asterales","Asteraceae","gbif","GBIF:3118274","herb","wind (none)",0.2,1.2,"Tamme et al."
"Taraxacum officinale","Taraxacum officinale","Taraxacum officinale","Plantae","Tracheophyta","Magnoliopsida","Asterales","Asteraceae","gbif","GBIF:5394163","herb","wind (special)",0.7,NA,"Tamme et al."
"Taraxacum erythrospermum","Taraxacum erythrospermum","Taraxacum erythrospermum","Plantae","Tracheophyta","Magnoliopsida","Asterales","Asteraceae","gbif","GBIF:5393872","herb","wind (special)",NA,0.3,"Tamme et al."
"Tragopogon pratensis","Tragopogon pratensis","Tragopogon pratensis","Plantae","Tracheophyta","Magnoliopsida","Asterales","Asteraceae","gbif","GBIF:5386897","herb","wind (special)",3.5,0.6,"Tamme et al."
"Triglochin maritima","Triglochin maritima","Triglochin maritima","Plantae","Tracheophyta","Liliopsida","Alismatales","Juncaginaceae","gbif","GBIF:2865368","herb","wind (none)",0.69,0.75,"Tamme et al."
"Tripleurospermum maritimum","Tripleurospermum maritimum","Tripleurospermum maritimum","Plantae","Tracheophyta","Magnoliopsida","Asterales","Asteraceae","gbif","GBIF:3104173","herb","wind (none)",0.29,NA,"Tamme et al."
"Tripolium pannonicum subsp. tripolium","Tripolium pannonicum","Tripolium pannonicum","Plantae","Tracheophyta","Magnoliopsida","Asterales","Asteraceae","gbif","GBIF:3098616","herb","wind (special)",2.03,0.6,"Tamme et al."
"Typha latifolia","Typha latifolia","Typha latifolia","Plantae","Tracheophyta","Liliopsida","Poales","Typhaceae","gbif","GBIF:5289423","herb","wind (special)",0.1,2,"Tamme et al."
"Typha angustifolia","Typha angustifolia","Typha angustifolia","Plantae","Tracheophyta","Liliopsida","Poales","Typhaceae","gbif","GBIF:5289461","herb","wind (special)",0.16,2,"Tamme et al."
"Ulmus procera","Ulmus procera","Ulmus procera","Plantae","Tracheophyta","Magnoliopsida","Rosales","Ulmaceae","gbif","GBIF:7634307","tree","wind (special)",NA,NA,"Tamme et al."
"Valeriana dioica","Valeriana dioica","Valeriana dioica","Plantae","Tracheophyta","Magnoliopsida","Dipsacales","Caprifoliaceae","gbif","GBIF:2888762","herb","wind (special)",0.55,0.3,"Tamme et al."
"Valeriana officinalis","Valeriana officinalis","Valeriana officinalis","Plantae","Tracheophyta","Magnoliopsida","Dipsacales","Caprifoliaceae","gbif","GBIF:2888763","herb","wind (special)",1.1,1,"Tamme et al."
"Verbena officinalis","Verbena officinalis","Verbena officinalis","Plantae","Tracheophyta","Magnoliopsida","Lamiales","Verbenaceae","gbif","GBIF:2925529","herb","wind (none)",0.33,1,"Tamme et al."
"Mercurialis annua","Mercurialis annua","Mercurialis annua","Plantae","Tracheophyta","Magnoliopsida","Malpighiales","Euphorbiaceae","gbif","GBIF:3062975","herb","ant",1.7,0.5,"Tamme et al."
"Salsola kali","Salsola kali","Salsola kali","Plantae","Tracheophyta","Magnoliopsida","Caryophyllales","Amaranthaceae","gbif","GBIF:3083957","shrub","wind (special)",NA,NA,"Tamme et al."
"Coronilla minima","Coronilla minima","Coronilla minima","Plantae","Tracheophyta","Magnoliopsida","Fabales","Fabaceae","gbif","GBIF:5348647","shrub","ant",10,NA,"Tamme et al."
"Dorycnium pentaphyllum","Dorycnium pentaphyllum","Lotus dorycnium","Plantae","Tracheophyta","Magnoliopsida","Fabales","Fabaceae","gbif","GBIF:5632022","shrub","ant",3.2,0.23,"Tamme et al."
"Euphorbia characias","Euphorbia characias","Euphorbia characias","Plantae","Tracheophyta","Magnoliopsida","Malpighiales","Euphorbiaceae","gbif","GBIF:3067353","shrub","ant",NA,NA,"Tamme et al."
"Geranium purpureum","Geranium purpureum","Geranium purpureum","Plantae","Tracheophyta","Magnoliopsida","Geraniales","Geraniaceae","gbif","GBIF:2890541","herb","ballistic",1.87,0.4,"Tamme et al."
"Quercus ilex","Quercus ilex","Quercus ilex","Plantae","Tracheophyta","Magnoliopsida","Fagales","Fagaceae","gbif","GBIF:2879098","tree","animal",2311,NA,"Tamme et al."
"Quercus suber","Quercus suber","Quercus suber","Plantae","Tracheophyta","Magnoliopsida","Fagales","Fagaceae","gbif","GBIF:2879411","tree","animal",3469,NA,"Tamme et al."
"Rhamnus alaternus","Rhamnus alaternus","Rhamnus alaternus","Plantae","Tracheophyta","Magnoliopsida","Rosales","Rhamnaceae","gbif","GBIF:6371424","tree","ant",90.29,NA,"Tamme et al."
"Aegopodium podagraria","Aegopodium podagraria","Aegopodium podagraria","Plantae","Tracheophyta","Magnoliopsida","Apiales","Apiaceae","gbif","GBIF:3034620","herb","wind (none)",2.23,1.2,"Tamme et al."
"Aethusa cynapium","Aethusa cynapium","Aethusa cynapium","Plantae","Tracheophyta","Magnoliopsida","Apiales","Apiaceae","gbif","GBIF:5371825","herb","wind (none)",0.81,NA,"Tamme et al."
"Agrimonia eupatoria","Agrimonia eupatoria","Agrimonia eupatoria","Plantae","Tracheophyta","Magnoliopsida","Rosales","Rosaceae","gbif","GBIF:3001956","herb","animal",18.1,1,"Tamme et al."
"Angelica sylvestris","Angelica sylvestris","Angelica sylvestris","Plantae","Tracheophyta","Magnoliopsida","Apiales","Apiaceae","gbif","GBIF:5371818","herb","wind (special)",1.93,2.1,"Tamme et al."
"Anthriscus sylvestris","Anthriscus sylvestris","Anthriscus sylvestris","Plantae","Tracheophyta","Magnoliopsida","Apiales","Apiaceae","gbif","GBIF:5371742","herb","animal",5.18,1.58,"Tamme et al."
"Calestania palustris","Calestania palustris","Thysselinum palustre","Plantae","Tracheophyta","Magnoliopsida","Apiales","Apiaceae","gbif","GBIF:3634395","herb","wind (special)",1.99,1.5,"Tamme et al."
"Carum carvi","Carum carvi","Carum carvi","Plantae","Tracheophyta","Magnoliopsida","Apiales","Apiaceae","gbif","GBIF:3034714","herb","animal",2.37,0.8,"Tamme et al."
"Daucus carota","Daucus carota","Daucus carota","Plantae","Tracheophyta","Magnoliopsida","Apiales","Apiaceae","gbif","GBIF:3034742","herb","animal",1,1,"Tamme et al."
"Filipendula vulgaris","Filipendula vulgaris","Filipendula vulgaris","Plantae","Tracheophyta","Magnoliopsida","Rosales","Rosaceae","gbif","GBIF:2988069","herb","animal",0.59,0.71,"Tamme et al."
"Geum rivale","Geum rivale","Geum rivale","Plantae","Tracheophyta","Magnoliopsida","Rosales","Rosaceae","gbif","GBIF:5369701","herb","animal",1.16,1.02,"Tamme et al."
"Heracleum sphondylium","Heracleum sphondylium","Heracleum sphondylium","Plantae","Tracheophyta","Magnoliopsida","Apiales","Apiaceae","gbif","GBIF:3034830","herb","wind (special)",3.47,1.5,"Tamme et al."
"Laserpitium latifolium","Laserpitium latifolium","Laserpitium latifolium","Plantae","Tracheophyta","Magnoliopsida","Apiales","Apiaceae","gbif","GBIF:6026401","herb","wind (special)",6.36,1.5,"Tamme et al."
"Myrrhis odorata","Myrrhis odorata","Myrrhis odorata","Plantae","Tracheophyta","Magnoliopsida","Apiales","Apiaceae","gbif","GBIF:3034681","herb","wind (none)",52.47,NA,"Tamme et al."
"Oxalis acetosella","Oxalis acetosella","Oxalis acetosella","Plantae","Tracheophyta","Magnoliopsida","Oxalidales","Oxalidaceae","gbif","GBIF:8211958","herb","ballistic",0.94,0.16,"Tamme et al."
"Pastinaca sativa","Pastinaca sativa","Pastinaca sativa","Plantae","Tracheophyta","Magnoliopsida","Apiales","Apiaceae","gbif","GBIF:8262702","herb","wind (special)",3.12,1,"Tamme et al."
"Polygala vulgaris","Polygala vulgaris","Polygala vulgaris","Plantae","Tracheophyta","Magnoliopsida","Fabales","Polygalaceae","gbif","GBIF:3191374","herb","animal",1.96,0.2,"Tamme et al."
"Potentilla reptans","Potentilla reptans","Potentilla reptans","Plantae","Tracheophyta","Magnoliopsida","Rosales","Rosaceae","gbif","GBIF:5367273","herb","animal",0.33,0.2,"Tamme et al."
"Ranunculus acris","Ranunculus acris","Ranunculus acris","Plantae","Tracheophyta","Magnoliopsida","Ranunculales","Ranunculaceae","gbif","GBIF:3033363","herb","animal",1.38,1.24,"Tamme et al."
"Selinum carvifolia","Selinum carvifolia","Selinum carvifolia","Plantae","Tracheophyta","Magnoliopsida","Apiales","Apiaceae","gbif","GBIF:5371781","herb","wind (special)",1.29,0.9,"Tamme et al."
"Torilis japonica","Torilis japonica","Torilis japonica","Plantae","Tracheophyta","Magnoliopsida","Apiales","Apiaceae","gbif","GBIF:3034820","herb","animal",1.24,1.2,"Tamme et al."
"Triglochin palustris","Triglochin palustris","Triglochin palustris","Plantae","Tracheophyta","Liliopsida","Alismatales","Juncaginaceae","gbif","GBIF:2865280","herb","animal",0.88,0.4,"Tamme et al."
"Abies alba","Abies alba","Abies alba","Plantae","Tracheophyta","Pinopsida","Pinales","Pinaceae","gbif","GBIF:2685484","tree","wind (special)",68.7,50,"Tamme et al."
"Acer pseudoplatanus","Acer pseudoplatanus","Acer pseudoplatanus","Plantae","Tracheophyta","Magnoliopsida","Sapindales","Sapindaceae","gbif","GBIF:3189870","tree","wind (special)",97,25,"Tamme et al."
"Achillea erba-rotta subsp. moschata","Achillea erba-rotta","Achillea erba-rotta","Plantae","Tracheophyta","Magnoliopsida","Asterales","Asteraceae","gbif","GBIF:9536147","herb","wind (none)",0.23,NA,"Tamme et al."
"Achillea nana","Achillea nana","Achillea nana","Plantae","Tracheophyta","Magnoliopsida","Asterales","Asteraceae","gbif","GBIF:8714852","herb","wind (none)",NA,NA,"Tamme et al."
"Adenostyles leucophylla","Adenostyles leucophylla","Adenostyles leucophylla","Plantae","Tracheophyta","Magnoliopsida","Asterales","Asteraceae","gbif","GBIF:3133716","herb","wind (special)",NA,NA,"Tamme et al."
"Agrostis rupestris","Agrostis rupestris","Agrostis rupestris","Plantae","Tracheophyta","Liliopsida","Poales","Poaceae","gbif","GBIF:2706525","herb","wind (special)",NA,0.1,"Tamme et al."
"Allium ursinum","Allium ursinum","Allium ursinum","Plantae","Tracheophyta","Liliopsida","Asparagales","Amaryllidaceae","gbif","GBIF:2857601","herb","ant",5.6,0.5,"Tamme et al."
"Alnus viridis","Alnus viridis","Alnus alnobetula","Plantae","Tracheophyta","Magnoliopsida","Fagales","Betulaceae","gbif","GBIF:8956987","tree","wind (special)",25.6,4,"Tamme et al."
"Arabis alpina","Arabis alpina","Arabis alpina","Plantae","Tracheophyta","Magnoliopsida","Brassicales","Brassicaceae","gbif","GBIF:5375020","herb","wind (none)",0.3,NA,"Tamme et al."
"Bromus tectorum","Bromus tectorum","Bromus tectorum","Plantae","Tracheophyta","Liliopsida","Poales","Poaceae","gbif","GBIF:2703746","herb","animal",3.3,0.45,"Tamme et al."
"Cardamine amara","Cardamine amara","Cardamine amara","Plantae","Tracheophyta","Magnoliopsida","Brassicales","Brassicaceae","gbif","GBIF:3046044","herb","ballistic",NA,0.6,"Tamme et al."
"Cardamine impatiens","Cardamine impatiens","Cardamine impatiens","Plantae","Tracheophyta","Magnoliopsida","Brassicales","Brassicaceae","gbif","GBIF:3046187","herb","ballistic",0.19,0.85,"Tamme et al."
"Cardamine pratensis","Cardamine pratensis","Cardamine pratensis","Plantae","Tracheophyta","Magnoliopsida","Brassicales","Brassicaceae","gbif","GBIF:7972010","herb","ballistic",0.6,0.6,"Tamme et al."
"Cardamine resedifolia","Cardamine resedifolia","Cardamine resedifolia","Plantae","Tracheophyta","Magnoliopsida","Brassicales","Brassicaceae","gbif","GBIF:3045872","herb","ballistic",NA,0.15,"Tamme et al."
"Cerastium arvense","Cerastium arvense","Cerastium arvense","Plantae","Tracheophyta","Magnoliopsida","Caryophyllales","Caryophyllaceae","gbif","GBIF:3085433","herb","wind (none)",0.21,0.3,"Tamme et al."
"Cerastium pedunculatum","Cerastium pedunculatum","Cerastium pedunculatum","Plantae","Tracheophyta","Magnoliopsida","Caryophyllales","Caryophyllaceae","gbif","GBIF:8293072","herb","wind (none)",0.27,NA,"Tamme et al."
"Chelidonium majus","Chelidonium majus","Chelidonium majus","Plantae","Tracheophyta","Magnoliopsida","Ranunculales","Papaveraceae","gbif","GBIF:5334186","herb","ant",0.74,0.7,"Tamme et al."
"Cirsium spinosissimum","Cirsium spinosissimum","Cirsium spinosissimum","Plantae","Tracheophyta","Magnoliopsida","Asterales","Asteraceae","gbif","GBIF:8322056","herb","wind (special)",NA,0.6,"Tamme et al."
"Corylus avellana","Corylus avellana","Corylus avellana","Plantae","Tracheophyta","Magnoliopsida","Fagales","Betulaceae","gbif","GBIF:2875979","shrub","animal",1192.3,6,"Tamme et al."
"Daphne striata","Daphne striata","Daphne striata","Plantae","Tracheophyta","Magnoliopsida","Malvales","Thymelaeaceae","gbif","GBIF:5523875","herb","ant",NA,0.35,"Tamme et al."
"Epilobium fleischeri","Epilobium fleischeri","Chamaenerion fleischeri","Plantae","Tracheophyta","Magnoliopsida","Myrtales","Onagraceae","gbif","GBIF:3666407","herb","wind (special)",0.13,0.4,"Tamme et al."
"Erigeron acer","Erigeron acer","Erigeron acer","Plantae","Tracheophyta","Magnoliopsida","Asterales","Asteraceae","gbif","GBIF:3147223","herb","wind (special)",NA,0.6,"Tamme et al."
"Erigeron acris subsp. angulosus","Erigeron acris","Erigeron acris","Plantae","Tracheophyta","Magnoliopsida","Asterales","Asteraceae","gbif","GBIF:3147080","herb","wind (special)",NA,0.6,"Tamme et al."
"Fagus sylvatica","Fagus sylvatica","Fagus sylvatica","Plantae","Tracheophyta","Magnoliopsida","Fagales","Fagaceae","gbif","GBIF:2882316","tree","animal",249,40,"Tamme et al."
"Fraxinus excelsior","Fraxinus excelsior","Fraxinus excelsior","Plantae","Tracheophyta","Magnoliopsida","Lamiales","Oleaceae","gbif","GBIF:3172358","tree","wind (special)",69.4,40,"Tamme et al."
"Geranium rotundifolium","Geranium rotundifolium","Geranium rotundifolium","Plantae","Tracheophyta","Magnoliopsida","Geraniales","Geraniaceae","gbif","GBIF:2891031","herb","ballistic",1.87,0.3,"Tamme et al."
"Geranium sylvaticum","Geranium sylvaticum","Geranium sylvaticum","Plantae","Tracheophyta","Magnoliopsida","Geraniales","Geraniaceae","gbif","GBIF:2891147","herb","ballistic",5.1,0.73,"Tamme et al."
"Geranium robertianum","Geranium robertianum","Geranium robertianum","Plantae","Tracheophyta","Magnoliopsida","Geraniales","Geraniaceae","gbif","GBIF:2890668","herb","ballistic",1.5,0.4,"Tamme et al."
"Geum reptans","Geum reptans","Geum reptans","Plantae","Tracheophyta","Magnoliopsida","Rosales","Rosaceae","gbif","GBIF:5369670","herb","wind (special)",NA,0.15,"Tamme et al."
"Helianthus annuus","Helianthus annuus","Helianthus annuus","Plantae","Tracheophyta","Magnoliopsida","Asterales","Asteraceae","gbif","GBIF:9206251","herb","animal",42.8,3,"Tamme et al."
"Hieracium murorum aggr.","Hieracium murorum","Hieracium murorum","Plantae","Tracheophyta","Magnoliopsida","Asterales","Asteraceae","gbif","GBIF:8605056","herb","wind (special)",NA,0.6,"Tamme et al."
"Impatiens parviflora","Impatiens parviflora","Impatiens parviflora","Plantae","Tracheophyta","Magnoliopsida","Ericales","Balsaminaceae","gbif","GBIF:2891782","herb","ballistic",8,1.5,"Tamme et al."
"Juglans regia","Juglans regia","Juglans regia","Plantae","Tracheophyta","Magnoliopsida","Fagales","Juglandaceae","gbif","GBIF:3054368","tree","animal",11490,25,"Tamme et al."
"Lathyrus vernus","Lathyrus vernus","Lathyrus vernus","Plantae","Tracheophyta","Magnoliopsida","Fabales","Fabaceae","gbif","GBIF:5356704","herb","ballistic",15,0.47,"Tamme et al."
"Linaria alpina","Linaria alpina","Linaria alpina","Plantae","Tracheophyta","Magnoliopsida","Lamiales","Plantaginaceae","gbif","GBIF:5560037","herb","wind (special)",0.25,0.1,"Tamme et al."
"Melica nutans","Melica nutans","Melica nutans","Plantae","Tracheophyta","Liliopsida","Poales","Poaceae","gbif","GBIF:4118973","herb","ant",2.28,1.07,"Tamme et al."
"Mercurialis perennis","Mercurialis perennis","Mercurialis perennis","Plantae","Tracheophyta","Magnoliopsida","Malpighiales","Euphorbiaceae","gbif","GBIF:3063016","herb","ballistic",5.82,0.3,"Tamme et al."
"Oxyria digyna","Oxyria digyna","Oxyria digyna","Plantae","Tracheophyta","Magnoliopsida","Caryophyllales","Polygonaceae","gbif","GBIF:2889358","herb","wind (special)",0.91,0.15,"Tamme et al."
"Picea abies","Picea abies","Picea abies","Plantae","Tracheophyta","Pinopsida","Pinales","Pinaceae","gbif","GBIF:5284884","tree","wind (special)",7,50,"Tamme et al."
"Pinus sylvestris","Pinus sylvestris","Pinus sylvestris","Plantae","Tracheophyta","Pinopsida","Pinales","Pinaceae","gbif","GBIF:5285637","tree","wind (special)",6,40,"Tamme et al."
"Pinus cembra","Pinus cembra","Pinus cembra","Plantae","Tracheophyta","Pinopsida","Pinales","Pinaceae","gbif","GBIF:5285134","tree","animal",268,15,"Tamme et al."
"Poa alpina","Poa alpina","Poa alpina","Plantae","Tracheophyta","Liliopsida","Poales","Poaceae","gbif","GBIF:2704234","herb","wind (none)",0.35,0.5,"Tamme et al."
"Poa nemoralis","Poa nemoralis","Poa nemoralis","Plantae","Tracheophyta","Liliopsida","Poales","Poaceae","gbif","GBIF:2704300","herb","wind (none)",0.2,1.06,"Tamme et al."
"Rhododendron ferrugineum","Rhododendron ferrugineum","Rhododendron ferrugineum","Plantae","Tracheophyta","Magnoliopsida","Ericales","Ericaceae","gbif","GBIF:2883073","shrub","wind (none)",0.03,1.5,"Tamme et al."
"Rubus idaeus","Rubus idaeus","Rubus idaeus","Plantae","Tracheophyta","Magnoliopsida","Rosales","Rosaceae","gbif","GBIF:2993094","herb","animal",1.9,2,"Tamme et al."
"Rumex scutatus","Rumex scutatus","Rumex scutatus","Plantae","Tracheophyta","Magnoliopsida","Caryophyllales","Polygonaceae","gbif","GBIF:2888961","herb","wind (special)",1.22,0.4,"Tamme et al."
"Sagina saginoides","Sagina saginoides","Sagina saginoides","Plantae","Tracheophyta","Magnoliopsida","Caryophyllales","Caryophyllaceae","gbif","GBIF:7952995","herb","wind (none)",0.02,0.07,"Tamme et al."
"Solidago virgaurea subsp. alpestris","Solidago virgaurea","Solidago virgaurea","Plantae","Tracheophyta","Magnoliopsida","Asterales","Asteraceae","gbif","GBIF:6446462","herb","wind (special)",NA,NA,"Tamme et al."
"Trifolium badium","Trifolium badium","Trifolium badium","Plantae","Tracheophyta","Magnoliopsida","Fabales","Fabaceae","gbif","GBIF:5359018","herb","wind (special)",0.75,0.2,"Tamme et al."
"Viola odorata","Viola odorata","Viola odorata","Plantae","Tracheophyta","Magnoliopsida","Malpighiales","Violaceae","gbif","GBIF:5331181","herb","ant",3.4,0.1,"Tamme et al."
"Viola arvensis","Viola arvensis","Viola arvensis","Plantae","Tracheophyta","Magnoliopsida","Malpighiales","Violaceae","gbif","GBIF:5331235","herb","ballistic",0.46,0.2,"Tamme et al."
"Viola canina","Viola canina","Viola canina","Plantae","Tracheophyta","Magnoliopsida","Malpighiales","Violaceae","gbif","GBIF:5331258","herb","ballistic",1.11,0.15,"Tamme et al."
"Viola riviniana","Viola riviniana","Viola riviniana","Plantae","Tracheophyta","Magnoliopsida","Malpighiales","Violaceae","gbif","GBIF:7296321","herb","ballistic",1.3,0.44,"Tamme et al."
"Tilia platyphyllos","Tilia platyphyllos","Tilia platyphyllos","Plantae","Tracheophyta","Magnoliopsida","Malvales","Malvaceae","gbif","GBIF:3152048","tree","wind (special)",98.8,30,"Tamme et al."
"Bromus sterilis","Bromus sterilis","Bromus sterilis","Plantae","Tracheophyta","Liliopsida","Poales","Poaceae","gbif","GBIF:2703647","herb","wind (special)",6.42,0.65,"Tamme et al."
"Calluna vulgaris","Calluna vulgaris","Calluna vulgaris","Plantae","Tracheophyta","Magnoliopsida","Ericales","Ericaceae","gbif","GBIF:2882482","shrub","wind (special)",0.03,1,"Tamme et al."
"Cardamine hirsuta","Cardamine hirsuta","Cardamine hirsuta","Plantae","Tracheophyta","Magnoliopsida","Brassicales","Brassicaceae","gbif","GBIF:3046258","herb","ballistic",0.11,0.3,"Tamme et al."
"Carduus tenuiflorus","Carduus tenuiflorus","Carduus tenuiflorus","Plantae","Tracheophyta","Magnoliopsida","Asterales","Asteraceae","gbif","GBIF:3114627","herb","wind (special)",3.5,2,"Tamme et al."
"Erica cinerea","Erica cinerea","Erica cinerea","Plantae","Tracheophyta","Magnoliopsida","Ericales","Ericaceae","gbif","GBIF:5333411","shrub","wind (special)",0.11,0.6,"Tamme et al."
"Papaver dubium","Papaver dubium","Papaver dubium","Plantae","Tracheophyta","Magnoliopsida","Ranunculales","Papaveraceae","gbif","GBIF:2888464","herb","wind (none)",0.11,0.98,"Tamme et al."
"Tussilago farfara","Tussilago farfara","Tussilago farfara","Plantae","Tracheophyta","Magnoliopsida","Asterales","Asteraceae","gbif","GBIF:3149879","herb","wind (special)",0.3,0.3,"Tamme et al."
"Abutilon theophrasti","Abutilon theophrasti","Abutilon theophrasti","Plantae","Tracheophyta","Magnoliopsida","Malvales","Malvaceae","gbif","GBIF:3152614","herb","wind (none)",9,NA,"Tamme et al."
"Acer negundo","Acer negundo","Acer negundo","Plantae","Tracheophyta","Magnoliopsida","Sapindales","Sapindaceae","gbif","GBIF:3189866","tree","wind (special)",33.7,20,"Tamme et al."
"Ailanthus altissima","Ailanthus altissima","Ailanthus altissima","Plantae","Tracheophyta","Magnoliopsida","Sapindales","Simaroubaceae","gbif","GBIF:3190653","tree","wind (special)",26.91,25,"Tamme et al."
"Alnus viridis subsp. crispa","Alnus viridis","Alnus alnobetula","Plantae","Tracheophyta","Magnoliopsida","Fagales","Betulaceae","gbif","GBIF:8956987","shrub","wind (special)",0.35,NA,"Tamme et al."
"Amphicarpaea bracteata","Amphicarpaea bracteata","Amphicarpaea bracteata","Plantae","Tracheophyta","Magnoliopsida","Fabales","Fabaceae","gbif","GBIF:2960161","herb","ballistic",27.09,NA,"Tamme et al."
"Andropogon glomeratus","Andropogon glomeratus","Andropogon glomeratus","Plantae","Tracheophyta","Liliopsida","Poales","Poaceae","gbif","GBIF:2706097","herb","wind (special)",0.37,NA,"Tamme et al."
"Andropogon virginicus","Andropogon virginicus","Andropogon virginicus","Plantae","Tracheophyta","Liliopsida","Poales","Poaceae","gbif","GBIF:2706080","herb","wind (special)",NA,NA,"Tamme et al."
"Apocynum cannabinum","Apocynum cannabinum","Apocynum cannabinum","Plantae","Tracheophyta","Magnoliopsida","Gentianales","Apocynaceae","gbif","GBIF:3169790","herb","wind (special)",1.78,NA,"Tamme et al."
"Arceuthobium vaginatum subsp. cryptopodum","Arceuthobium vaginatum","Arceuthobium vaginatum","Plantae","Tracheophyta","Magnoliopsida","Santalales","Viscaceae","gbif","GBIF:2889831","shrub","ballistic",NA,NA,"Tamme et al."
"Betula uber","Betula uber","Betula lenta","Plantae","Tracheophyta","Magnoliopsida","Fagales","Betulaceae","gbif","GBIF:5331709","tree","wind (special)",NA,NA,"Tamme et al."
"Betula lenta","Betula lenta","Betula lenta","Plantae","Tracheophyta","Magnoliopsida","Fagales","Betulaceae","gbif","GBIF:5331709","tree","wind (special)",0.7,NA,"Tamme et al."
"Betula populifolia","Betula populifolia","Betula populifolia","Plantae","Tracheophyta","Magnoliopsida","Fagales","Betulaceae","gbif","GBIF:8184083","tree","wind (special)",0.11,NA,"Tamme et al."
"Carduus nutans","Carduus nutans","Carduus nutans","Plantae","Tracheophyta","Magnoliopsida","Asterales","Asteraceae","gbif","GBIF:8185959","herb","wind (special)",4,1,"Tamme et al."
"Carex pauciflora","Carex pauciflora","Carex pauciflora","Plantae","Tracheophyta","Liliopsida","Poales","Cyperaceae","gbif","GBIF:2727907","herb","ballistic",0.78,0.15,"Tamme et al."
"Carpinus caroliniana","Carpinus caroliniana","Carpinus caroliniana","Plantae","Tracheophyta","Magnoliopsida","Fagales","Betulaceae","gbif","GBIF:2875842","tree","wind (special)",81.28,NA,"Tamme et al."
"Chaenorhinum minus","Chaenorhinum minus","Chaenorhinum minus","Plantae","Tracheophyta","Magnoliopsida","Lamiales","Plantaginaceae","gbif","GBIF:3171669","herb","wind (none)",NA,0.25,"Tamme et al."
"Datura wrightii","Datura wrightii","Datura wrightii","Plantae","Tracheophyta","Magnoliopsida","Solanales","Solanaceae","gbif","GBIF:2928741","herb","ant",37.5,NA,"Tamme et al."
"Datura discolor","Datura discolor","Datura discolor","Plantae","Tracheophyta","Magnoliopsida","Solanales","Solanaceae","gbif","GBIF:2928735","herb","ant",6.2,NA,"Tamme et al."
"Dendromecon rigida","Dendromecon rigida","Dendromecon rigida","Plantae","Tracheophyta","Magnoliopsida","Ranunculales","Papaveraceae","gbif","GBIF:2888424","shrub","ballistic",15.4,NA,"Tamme et al."
"Erodium botrys","Erodium botrys","Erodium botrys","Plantae","Tracheophyta","Magnoliopsida","Geraniales","Geraniaceae","gbif","GBIF:2891628","herb","ballistic",5.6,NA,"Tamme et al."
"Erodium brachycarpum","Erodium brachycarpum","Erodium brachycarpum","Plantae","Tracheophyta","Magnoliopsida","Geraniales","Geraniaceae","gbif","GBIF:2891617","herb","ballistic",3.07,NA,"Tamme et al."
"Erodium cicutarium","Erodium cicutarium","Erodium cicutarium","Plantae","Tracheophyta","Magnoliopsida","Geraniales","Geraniaceae","gbif","GBIF:9485490","herb","ballistic",1.46,NA,"Tamme et al."
"Erodium moschatum","Erodium moschatum","Erodium moschatum","Plantae","Tracheophyta","Magnoliopsida","Geraniales","Geraniaceae","gbif","GBIF:9419993","herb","ballistic",1.65,0.38,"Tamme et al."
"Euphorbia esula","Euphorbia esula","Euphorbia esula","Plantae","Tracheophyta","Magnoliopsida","Malpighiales","Euphorbiaceae","gbif","GBIF:8203538","herb","ant",3.5,NA,"Tamme et al."
"Fagus grandifolia","Fagus grandifolia","Fagus grandifolia","Plantae","Tracheophyta","Magnoliopsida","Fagales","Fagaceae","gbif","GBIF:2882274","tree","animal",266,NA,"Tamme et al."
"Geranium carolinianum","Geranium carolinianum","Geranium carolinianum","Plantae","Tracheophyta","Magnoliopsida","Geraniales","Geraniaceae","gbif","GBIF:2890623","herb","ballistic",3.5,NA,"Tamme et al."
"Geranium molle","Geranium molle","Geranium molle","Plantae","Tracheophyta","Magnoliopsida","Geraniales","Geraniaceae","gbif","GBIF:2891488","herb","ballistic",1.1,0.3,"Tamme et al."
"Hazardia squarrosa","Hazardia squarrosa","Hazardia squarrosa","Plantae","Tracheophyta","Magnoliopsida","Asterales","Asteraceae","gbif","GBIF:5389275","shrub","ant",0.68,NA,"Tamme et al."
"Juglans nigra","Juglans nigra","Juglans nigra","Plantae","Tracheophyta","Magnoliopsida","Fagales","Juglandaceae","gbif","GBIF:3054357","tree","animal",11303,30,"Tamme et al."
"Larix laricina","Larix laricina","Larix laricina","Plantae","Tracheophyta","Pinopsida","Pinales","Pinaceae","gbif","GBIF:2686231","tree","wind (special)",2,NA,"Tamme et al."
"Liriodendron tulipifera","Liriodendron tulipifera","Liriodendron tulipifera","Plantae","Tracheophyta","Magnoliopsida","Magnoliales","Magnoliaceae","gbif","GBIF:3152861","tree","wind (special)",31.76,61,"Tamme et al."
"Oenothera biennis","Oenothera biennis","Oenothera biennis","Plantae","Tracheophyta","Magnoliopsida","Myrtales","Onagraceae","gbif","GBIF:3188924","herb","wind (none)",0.19,2,"Tamme et al."
"Parmena spectabilis","Parmena spectabilis","Rubus spectabilis","Plantae","Tracheophyta","Magnoliopsida","Rosales","Rosaceae","gbif","GBIF:2993761","herb","animal",3.19,NA,"Tamme et al."
"Parthenocissus quinquefolia","Parthenocissus quinquefolia","Parthenocissus quinquefolia","Plantae","Tracheophyta","Magnoliopsida","Vitales","Vitaceae","gbif","GBIF:3039194","shrub","animal",29,10,"Tamme et al."
"Phytolacca americana","Phytolacca americana","Phytolacca americana","Plantae","Tracheophyta","Magnoliopsida","Caryophyllales","Phytolaccaceae","gbif","GBIF:3084015","herb","animal",9,NA,"Tamme et al."
"Pinus palustris","Pinus palustris","Pinus palustris","Plantae","Tracheophyta","Pinopsida","Pinales","Pinaceae","gbif","GBIF:5285816","tree","wind (special)",94,NA,"Tamme et al."
"Pinus albicaulis","Pinus albicaulis","Pinus albicaulis","Plantae","Tracheophyta","Pinopsida","Pinales","Pinaceae","gbif","GBIF:5285183","tree","animal",72.09,NA,"Tamme et al."
"Pinus contorta","Pinus contorta","Pinus contorta","Plantae","Tracheophyta","Pinopsida","Pinales","Pinaceae","gbif","GBIF:5285750","tree","wind (special)",9.1,NA,"Tamme et al."
"Pinus jeffreyi","Pinus jeffreyi","Pinus jeffreyi","Plantae","Tracheophyta","Pinopsida","Pinales","Pinaceae","gbif","GBIF:8892957","tree","animal",195.3,NA,"Tamme et al."
"Pinus lambertiana","Pinus lambertiana","Pinus lambertiana","Plantae","Tracheophyta","Pinopsida","Pinales","Pinaceae","gbif","GBIF:5284989","tree","animal",233.4,NA,"Tamme et al."
"Pinus ponderosa","Pinus ponderosa","Pinus ponderosa","Plantae","Tracheophyta","Pinopsida","Pinales","Pinaceae","gbif","GBIF:5285053","tree","animal",68.7,NA,"Tamme et al."
"Plantago patagonica subsp. aristata","Plantago patagonica","Plantago patagonica","Plantae","Tracheophyta","Magnoliopsida","Lamiales","Plantaginaceae","gbif","GBIF:3189704","herb","wind (none)",1.5,NA,"Tamme et al."
"Platanus occidentalis","Platanus occidentalis","Platanus occidentalis","Plantae","Tracheophyta","Magnoliopsida","Proteales","Platanaceae","gbif","GBIF:3152820","tree","wind (special)",3.92,25,"Tamme et al."
"Prunus serotina","Prunus serotina","Prunus serotina","Plantae","Tracheophyta","Magnoliopsida","Rosales","Rosaceae","gbif","GBIF:3021850","tree","animal",83.9,15,"Tamme et al."
"Purshia tridentata","Purshia tridentata","Purshia tridentata","Plantae","Tracheophyta","Magnoliopsida","Rosales","Rosaceae","gbif","GBIF:5370313","shrub","animal",30,NA,"Tamme et al."
"Quercus palustris","Quercus palustris","Quercus palustris","Plantae","Tracheophyta","Magnoliopsida","Fagales","Fagaceae","gbif","GBIF:8313153","tree","animal",1087,25,"Tamme et al."
"Quercus macrocarpa","Quercus macrocarpa","Quercus macrocarpa","Plantae","Tracheophyta","Magnoliopsida","Fagales","Fagaceae","gbif","GBIF:2878213","tree","animal",6145,NA,"Tamme et al."
"Quercus muehlenbergii","Quercus muehlenbergii","Quercus muehlenbergii","Plantae","Tracheophyta","Magnoliopsida","Fagales","Fagaceae","gbif","GBIF:2879947","tree","animal",1192.17,NA,"Tamme et al."
"Rumex obtusifolius","Rumex obtusifolius","Rumex obtusifolius","Plantae","Tracheophyta","Magnoliopsida","Caryophyllales","Polygonaceae","gbif","GBIF:2889011","herb","wind (special)",3.32,1.5,"Tamme et al."
"Sanguinaria canadensis","Sanguinaria canadensis","Sanguinaria canadensis","Plantae","Tracheophyta","Magnoliopsida","Ranunculales","Papaveraceae","gbif","GBIF:5334192","herb","ant",11.51,NA,"Tamme et al."
"Setaria parviflora","Setaria parviflora","Setaria parviflora","Plantae","Tracheophyta","Liliopsida","Poales","Poaceae","gbif","GBIF:5289679","herb","wind (none)",1.76,NA,"Tamme et al."
"Sporobolus airoides","Sporobolus airoides","Sporobolus airoides","Plantae","Tracheophyta","Liliopsida","Poales","Poaceae","gbif","GBIF:2704783","herb","wind (none)",0.26,NA,"Tamme et al."
"Tilia americana","Tilia americana","Tilia americana","Plantae","Tracheophyta","Magnoliopsida","Malvales","Malvaceae","gbif","GBIF:3152042","tree","wind (special)",333.8,NA,"Tamme et al."
"Toxicodendron radicans","Toxicodendron radicans","Toxicodendron radicans","Plantae","Tracheophyta","Magnoliopsida","Sapindales","Anacardiaceae","gbif","GBIF:3190628","shrub","animal",29,NA,"Tamme et al."
"Tragopogon porrifolius","Tragopogon porrifolius","Tragopogon porrifolius","Plantae","Tracheophyta","Magnoliopsida","Asterales","Asteraceae","gbif","GBIF:5386938","herb","wind (special)",7.05,1,"Tamme et al."
"Trifolium arvense","Trifolium arvense","Trifolium arvense","Plantae","Tracheophyta","Magnoliopsida","Fabales","Fabaceae","gbif","GBIF:5359246","herb","wind (special)",0.31,0.3,"Tamme et al."
"Trillium ovatum","Trillium ovatum","Trillium ovatum","Plantae","Tracheophyta","Liliopsida","Liliales","Melanthiaceae","gbif","GBIF:2742413","herb","ant",10.94,NA,"Tamme et al."
"Trillium grandiflorum","Trillium grandiflorum","Trillium grandiflorum","Plantae","Tracheophyta","Liliopsida","Liliales","Melanthiaceae","gbif","GBIF:2742283","herb","animal",10.7,NA,"Tamme et al."
"Tsuga heterophylla","Tsuga heterophylla","Tsuga heterophylla","Plantae","Tracheophyta","Pinopsida","Pinales","Pinaceae","gbif","GBIF:2687210","tree","wind (special)",2,45,"Tamme et al."
"Viola blanda","Viola blanda","Viola blanda","Plantae","Tracheophyta","Magnoliopsida","Malpighiales","Violaceae","gbif","GBIF:5331300","herb","ballistic",0.96,NA,"Tamme et al."
"Viola pubescens subsp. scabriuscula","Viola pubescens","Viola pubescens","Plantae","Tracheophyta","Magnoliopsida","Malpighiales","Violaceae","gbif","GBIF:5331338","herb","ballistic",NA,NA,"Tamme et al."
"Viola sororia subsp. sororia","Viola sororia","Viola sororia","Plantae","Tracheophyta","Magnoliopsida","Malpighiales","Violaceae","gbif","GBIF:5331238","herb","ballistic",1.33,NA,"Tamme et al."
